minutes_before_end,glucose_mg_dl
2865,153.0
2850,151.2
2835,151.2
2820,147.6
2805,145.8
2790,153.0
2775,165.6
2760,172.8
2745,180.0
2730,183.6
2715,187.2
2700,190.8
2685,192.6
2670,190.8
2655,185.4
2640,183.6
2625,181.8
2610,178.2
2595,178.2
2580,174.6
2565,169.2
2550,165.6
2535,154.8
2520,145.8
2505,142.2
2490,136.8
2475,131.4
2460,127.8
2445,122.4
2430,118.8
2415,117.0
2400,111.6
2385,106.2
2370,104.4
2355,102.6
2340,100.8
2325,95.4
2310,88.2
2295,79.2
2280,73.8
2265,70.2
2250,68.4
2235,70.2
2220,64.8
2205,61.2
2190,66.6
2175,61.2
2160,55.8
2145,48.6
2130,45.0
2115,41.4
2100,39.6
2085,39.6
2070,43.2
2055,55.8
2040,70.2
2025,79.2
2010,84.6
1995,88.2
1980,95.4
1965,97.2
1950,91.8
1935,84.6
1920,79.2
1905,86.4
1890,91.8
1875,93.6
1860,115.2
1845,131.4
1830,135.0
1815,142.2
1800,147.6
1785,154.8
1770,163.8
1755,167.4
1740,169.2
1725,169.2
1710,169.2
1695,174.6
1680,185.4
1665,199.8
1650,212.4
1635,228.6
1620,232.2
1605,232.2
1590,232.2
1575,235.8
1560,239.4
1545,244.8
1530,239.4
1515,230.4
1500,219.6
1485,210.6
1470,203.4
1455,196.2
1440,190.8
1425,183.6
1410,181.8
1395,176.4
1380,169.2
1365,165.6
1350,160.2
1335,151.2
1320,149.4
1305,149.4
1290,147.6
1275,149.4
1260,149.4
1245,145.8
1230,142.2
1215,142.2
1200,142.2
1185,142.2
1170,140.4
1155,140.4
1140,142.2
1125,142.2
1110,138.6
1095,131.4
1080,124.2
1065,124.2
1050,129.6
1035,138.6
1020,142.2
1005,140.4
990,138.6
975,140.4
960,145.8
945,156.6
930,165.6
915,169.2
900,169.2
885,160.2
870,156.6
855,158.4
840,160.2
825,165.6
810,176.4
795,190.8
780,189.0
765,181.8
750,174.6
735,167.4
720,167.4
705,163.8
690,158.4
675,151.2
660,140.4
645,129.6
630,118.8
615,109.8
600,102.6
585,95.4
570,95.4
555,95.4
540,91.8
525,88.2
510,86.4
495,86.4
480,88.2
465,95.4
450,102.6
435,109.8
420,111.6
405,113.4
390,118.8
375,122.4
360,126.0
345,133.2
330,145.8
315,153.0
300,158.4
285,165.6
270,167.4
255,172.8
240,180.0
225,187.2
210,194.4
195,192.6
180,189.0
165,190.8
150,201.6
135,210.6
120,207.0
105,210.6
90,208.8
75,201.6
60,198.0
45,194.4
30,194.4
15,198.0
0,198.0
